record_index,model,suspicious,confidence,reason,duration_s,input_tokens,output_tokens,total_tokens,estimated_cost_usd,raw_response,input_payload,baseline_suspicious,baseline_confidence,agreement_with_baseline,confidence_delta_to_baseline
0,o4-mini,True,0.75,"The record lists country=Germany and locality indicates the specimen was cultivated in Berlin, yet the decimalLatitude/decimalLongitude (46.3467, 11.4498) fall in northern Italy (Passo Oclini) matching the stated provenance in Italy rather than the actual collection site in Berlin. This is a clear conflict between country and coordinates, so it represents a highly probable anomaly (0.60–0.85 in the rubric).",13.263561900006607,1021,768,1789,0.004502300000000001,"{""suspicious"": true, ""confidence"": 0.75, ""reason"": ""The record lists country=Germany and locality indicates the specimen was cultivated in Berlin, yet the decimalLatitude/decimalLongitude (46.3467, 11.4498) fall in northern Italy (Passo Oclini) matching the stated provenance in Italy rather than the actual collection site in Berlin. This is a clear conflict between country and coordinates, so it represents a highly probable anomaly (0.60–0.85 in the rubric).""}","{""scientificName"": ""Arnica montana"", ""scientificNameFull"": ""Arnica montana"", ""genus"": ""Arnica"", ""family"": ""Asteraceae"", ""country"": ""Germany"", ""locality"": ""Germany: Berlin. Kultiviert im Botanischen Garten Berlin-Dahlem, BG-Ort: AG, Herkunft: Pavia Istituto e Orto Botanico dell'Università di Pavia, Italien: P[a]sso Oclini, Höhe: 1800m. 2002-05-28, Leg.: Cubr 39737."", ""collectorNotes"": ""Label data transcribed during a <a href=\""https://www.herbonauten.de\"" target=\""_blank\"">Herbonauten mission</a>"", ""collectionDateBegin"": ""5/28/2002"", ""collectionDateEnd"": ""5/28/2002"", ""decimalLatitude"": 46.3466758728027, ""decimalLongitude"": 11.4497928619384, ""semanticText"": ""Arnica montana | Arnica montana | Asteraceae | Arnica | Germany | Germany: Berlin. Kultiviert im Botanischen Garten Berlin-Dahlem, BG-Ort: AG, Herkunft: Pavia Istituto e Orto Botanico dell'Università di Pavia, Italien: P...""}",True,0.94,True,-0.18999999999999995
1,o4-mini,True,0.75,"The decimal coordinates (46.5667, 8.3667) lie in the Swiss Alps (Canton Wallis/Gotthard region), whereas the country field is Germany and the primary locality refers to Berlin (cultivation). This clear spatial conflict between country (Germany) and coordinates (Switzerland) constitutes a highly probable anomaly (per rule set point 1). All major fields are present and well populated, justifying a mid‐high confidence score in the 0.60–0.85 range.",5.258656200021505,1012,527,1539,0.003432,"{""suspicious"": true, ""confidence"": 0.75, ""reason"": ""The decimal coordinates (46.5667, 8.3667) lie in the Swiss Alps (Canton Wallis/Gotthard region), whereas the country field is Germany and the primary locality refers to Berlin (cultivation). This clear spatial conflict between country (Germany) and coordinates (Switzerland) constitutes a highly probable anomaly (per rule set point 1). All major fields are present and well populated, justifying a mid‐high confidence score in the 0.60–0.85 range.""}","{""scientificName"": ""Arnica montana"", ""scientificNameFull"": ""Arnica montana"", ""genus"": ""Arnica"", ""family"": ""Asteraceae"", ""country"": ""Germany"", ""locality"": ""Germany: Berlin. Kultiviert im Botanischen Garten Berlin-Dahlem BG-Ort: AG. Herkunft: Graz Botanischer Gard[t]en der Karl-Franzens Universita[ä]t. [Wildherkunft: Wallis (Kanton), Berner Alpen, Gotthard-Gruppe, \""Gletscher..."", ""collectorNotes"": ""Label data transcribed during a <a href=\""https://www.herbonauten.de\"" target=\""_blank\"">Herbonauten mission</a>"", ""collectionDateBegin"": ""5/28/2002"", ""collectionDateEnd"": ""5/28/2002"", ""decimalLatitude"": 46.566665649414, ""decimalLongitude"": 8.36666679382324, ""semanticText"": ""Arnica montana | Arnica montana | Asteraceae | Arnica | Germany | Germany: Berlin. Kultiviert im Botanischen Garten Berlin-Dahlem BG-Ort: AG. Herkunft: Graz Botanischer Gard[t]en der Karl-Franzens Universita[ä]t. [Wildhe...""}",True,0.84,True,-0.08999999999999997
2,o4-mini,False,0.75,"All major fields (taxonomy, locality, date, habitat) are fully populated and consistent: Chenopodium polyspermum in a gravel pit (ruderal habitat) in Bavaria fits the species ecology. The country (‘Germany’) and the Bavarian locality match, and the rounded coordinates (47.0, 11.0) fall within southern Germany close enough to Garmisch-Partenkirchen. Collection date is plausible. No clear contradictions or semantic anomalies were detected, so the record is considered clean.",7.637618000153452,1017,843,1860,0.0048279,"{""suspicious"": false, ""confidence"": 0.75, ""reason"": ""All major fields (taxonomy, locality, date, habitat) are fully populated and consistent: Chenopodium polyspermum in a gravel pit (ruderal habitat) in Bavaria fits the species ecology. The country (‘Germany’) and the Bavarian locality match, and the rounded coordinates (47.0, 11.0) fall within southern Germany close enough to Garmisch-Partenkirchen. Collection date is plausible. No clear contradictions or semantic anomalies were detected, so the record is considered clean.""}","{""scientificName"": ""Chenopodium polyspermum"", ""scientificNameFull"": ""Chenopodium polyspermum"", ""genus"": ""Chenopodium"", ""family"": ""Chenopodiaceae"", ""country"": ""Germany"", ""locality"": ""Germany: Bayern. Bayern, Lkr. Garmisch-Partenkirchen, S Riegsee (Bay 144) Ruderalfluren in Kiesgrube, 669 m, MTB 8333/1. 2001-07-30, Leg.: R. & E. Willing."", ""collectorNotes"": ""Label data transcribed during a <a href=\""https://www.herbonauten.de\"" target=\""_blank\"">Herbonauten mission</a>"", ""collectionDateBegin"": ""7/30/2001"", ""collectionDateEnd"": ""7/30/2001"", ""decimalLatitude"": 47.0, ""decimalLongitude"": 11.0, ""semanticText"": ""Chenopodium polyspermum | Chenopodium polyspermum | Chenopodiaceae | Chenopodium | Germany | Germany: Bayern. Bayern, Lkr. Garmisch-Partenkirchen, S Riegsee (Bay 144) Ruderalfluren in Kiesgrube, 669 m, MTB 8333/1. 2001-0...""}",False,0.78,True,-0.030000000000000027
3,o4-mini,False,0.8,"All major fields are populated and internally consistent. The coordinates (47°N, 11°E) fall in southern Bavaria, matching the locality “Lkr. Garmisch-Partenkirchen, S Riegsee” and the elevation of 669 m. The habitat (ruderal gravel pit) suits a Chenopodium species, and the family/genus/name hierarchy is correct. The collection date is coherent, and there are no conflicting country or locality references. This record qualifies as standard clean data (no semantic issues).",7.7467159000225365,1019,1042,2061,0.0057057,"{""suspicious"": false, ""confidence"": 0.80, ""reason"": ""All major fields are populated and internally consistent. The coordinates (47°N, 11°E) fall in southern Bavaria, matching the locality “Lkr. Garmisch-Partenkirchen, S Riegsee” and the elevation of 669 m. The habitat (ruderal gravel pit) suits a Chenopodium species, and the family/genus/name hierarchy is correct. The collection date is coherent, and there are no conflicting country or locality references. This record qualifies as standard clean data (no semantic issues).""}","{""scientificName"": ""Chenopodium sp."", ""scientificNameFull"": ""Chenopodium sp."", ""genus"": ""Chenopodium"", ""family"": ""Chenopodiaceae"", ""country"": ""Germany"", ""locality"": ""Germany: Bayern. Bayern, Lkr. Garmisch-Partenkirchen, S Riegsee (Bay 144) Ruderalfluren in Kiesgrube, 669 m, MTB 8333/1. 2001-07-30, Leg.: R. & E. Willing."", ""collectorNotes"": ""Label data transcribed during a <a href=\""https://www.herbonauten.de\"" target=\""_blank\"">Herbonauten mission</a>"", ""collectionDateBegin"": ""7/30/2001"", ""collectionDateEnd"": ""7/30/2001"", ""decimalLatitude"": 47.0, ""decimalLongitude"": 11.0, ""semanticText"": ""Chenopodium sp. | Chenopodium sp. | Chenopodiaceae | Chenopodium | Germany | Germany: Bayern. Bayern, Lkr. Garmisch-Partenkirchen, S Riegsee (Bay 144) Ruderalfluren in Kiesgrube, 669 m, MTB 8333/1. 2001-07-30, Leg.: R. &...""}",False,0.72,True,0.08000000000000007
4,o4-mini,True,0.75,"The record has full metadata but shows a clear geographic mismatch: country and primary locality state Germany (cultivated in Berlin), yet the decimal coordinates (45.0354, 6.4045) lie in the French Alps (Col du Lautaret). This strong conflict between the stated country/locality and the coordinates constitutes a highly probable semantic anomaly (0.60–0.85 range).",4.356574599863961,1017,507,1524,0.0033495,"{
  ""suspicious"": true,
  ""confidence"": 0.75,
  ""reason"": ""The record has full metadata but shows a clear geographic mismatch: country and primary locality state Germany (cultivated in Berlin), yet the decimal coordinates (45.0354, 6.4045) lie in the French Alps (Col du Lautaret). This strong conflict between the stated country/locality and the coordinates constitutes a highly probable semantic anomaly (0.60–0.85 range).""
}","{""scientificName"": ""Arnica montana"", ""scientificNameFull"": ""Arnica montana"", ""genus"": ""Arnica"", ""family"": ""Asteraceae"", ""country"": ""Germany"", ""locality"": ""Germany: Berlin. Kultiviert im Botanischen Garten Berlin-Dahlem, BG-Ort: AG - 01 - 001 - 02, Herkunft: Lautaret Station Alpine du Lautaret, Frankreich: Reg. du Col du Lautaret, Lautaret, Höhe: 2100m. 2003-05-27, Leg.: Cu..."", ""collectorNotes"": ""Label data transcribed during a <a href=\""https://www.herbonauten.de\"" target=\""_blank\"">Herbonauten mission</a>"", ""collectionDateBegin"": ""5/27/2003"", ""collectionDateEnd"": ""5/27/2003"", ""decimalLatitude"": 45.0354270935058, ""decimalLongitude"": 6.4044713973999, ""semanticText"": ""Arnica montana | Arnica montana | Asteraceae | Arnica | Germany | Germany: Berlin. Kultiviert im Botanischen Garten Berlin-Dahlem, BG-Ort: AG - 01 - 001 - 02, Herkunft: Lautaret Station Alpine du Lautaret, Frankreich: Re...""}",True,0.84,True,-0.08999999999999997
0,gpt-5.4-mini,True,0.88,"The record contains a clear geography/locality inconsistency. The country is Germany and the locality begins with ""Germany: Berlin. Kultiviert im Botanischen Garten Berlin-Dahlem,"" which fits Germany, but the same locality text also states ""Herkunft: Pavia Istituto e Orto Botanico dell'Università di Pavia, Italien: P[a]sso Oclini, Höhe: 1800m."" The coordinates (46.346676, 11.449793) are in northern Italy/Alps, not Berlin or Germany, and they align much better with the Italian origin mentioned in the locality than with the stated collection country/locality. This is a strong mismatch between country/locality and coordinates. Taxonomy is internally consistent (Arnica montana in Asteraceae), dates are plausible, and the collector note is a normal transcription note. Overall this is a highly probable anomaly due to conflicting locality and coordinate information.",2.742636299924925,1021,225,1246,0.0017782499999999999,"{
  ""suspicious"": true,
  ""confidence"": 0.88,
  ""reason"": ""The record contains a clear geography/locality inconsistency. The country is Germany and the locality begins with \""Germany: Berlin. Kultiviert im Botanischen Garten Berlin-Dahlem,\"" which fits Germany, but the same locality text also states \""Herkunft: Pavia Istituto e Orto Botanico dell'Università di Pavia, Italien: P[a]sso Oclini, Höhe: 1800m.\"" The coordinates (46.346676, 11.449793) are in northern Italy/Alps, not Berlin or Germany, and they align much better with the Italian origin mentioned in the locality than with the stated collection country/locality. This is a strong mismatch between country/locality and coordinates. Taxonomy is internally consistent (Arnica montana in Asteraceae), dates are plausible, and the collector note is a normal transcription note. Overall this is a highly probable anomaly due to conflicting locality and coordinate information.""
}","{""scientificName"": ""Arnica montana"", ""scientificNameFull"": ""Arnica montana"", ""genus"": ""Arnica"", ""family"": ""Asteraceae"", ""country"": ""Germany"", ""locality"": ""Germany: Berlin. Kultiviert im Botanischen Garten Berlin-Dahlem, BG-Ort: AG, Herkunft: Pavia Istituto e Orto Botanico dell'Università di Pavia, Italien: P[a]sso Oclini, Höhe: 1800m. 2002-05-28, Leg.: Cubr 39737."", ""collectorNotes"": ""Label data transcribed during a <a href=\""https://www.herbonauten.de\"" target=\""_blank\"">Herbonauten mission</a>"", ""collectionDateBegin"": ""5/28/2002"", ""collectionDateEnd"": ""5/28/2002"", ""decimalLatitude"": 46.3466758728027, ""decimalLongitude"": 11.4497928619384, ""semanticText"": ""Arnica montana | Arnica montana | Asteraceae | Arnica | Germany | Germany: Berlin. Kultiviert im Botanischen Garten Berlin-Dahlem, BG-Ort: AG, Herkunft: Pavia Istituto e Orto Botanico dell'Università di Pavia, Italien: P...""}",True,0.94,True,-0.05999999999999994
1,gpt-5.4-mini,True,0.88,"The record shows a clear geography mismatch: the country is Germany and the locality says ""Germany: Berlin"" with cultivation in the Berlin-Dahlem botanical garden, but the coordinates (46.5667, 8.3667) plot in Switzerland, near the central Alps (around Wallis/Berner Alpen/Gotthard region), not Berlin. This is strongly supported by the locality text itself, which even mentions Swiss provenance terms such as ""Wallis (Kanton), Berner Alpen, Gotthard-Gruppe,"" indicating the coordinates likely refer to the wild origin rather than the stated collection locality. That makes the coordinate/locality combination highly inconsistent. Taxonomy is internally consistent (Arnica montana in Asteraceae), habitat/cultivation notes are plausible for a botanical garden specimen, and the date is plausible. The main issue is the strong country/locality vs coordinate conflict, so this is a highly probable anomaly.",2.2535542000550777,1012,218,1230,0.0017400000000000002,"{
  ""suspicious"": true,
  ""confidence"": 0.88,
  ""reason"": ""The record shows a clear geography mismatch: the country is Germany and the locality says \""Germany: Berlin\"" with cultivation in the Berlin-Dahlem botanical garden, but the coordinates (46.5667, 8.3667) plot in Switzerland, near the central Alps (around Wallis/Berner Alpen/Gotthard region), not Berlin. This is strongly supported by the locality text itself, which even mentions Swiss provenance terms such as \""Wallis (Kanton), Berner Alpen, Gotthard-Gruppe,\"" indicating the coordinates likely refer to the wild origin rather than the stated collection locality. That makes the coordinate/locality combination highly inconsistent. Taxonomy is internally consistent (Arnica montana in Asteraceae), habitat/cultivation notes are plausible for a botanical garden specimen, and the date is plausible. The main issue is the strong country/locality vs coordinate conflict, so this is a highly probable anomaly.""
}","{""scientificName"": ""Arnica montana"", ""scientificNameFull"": ""Arnica montana"", ""genus"": ""Arnica"", ""family"": ""Asteraceae"", ""country"": ""Germany"", ""locality"": ""Germany: Berlin. Kultiviert im Botanischen Garten Berlin-Dahlem BG-Ort: AG. Herkunft: Graz Botanischer Gard[t]en der Karl-Franzens Universita[ä]t. [Wildherkunft: Wallis (Kanton), Berner Alpen, Gotthard-Gruppe, \""Gletscher..."", ""collectorNotes"": ""Label data transcribed during a <a href=\""https://www.herbonauten.de\"" target=\""_blank\"">Herbonauten mission</a>"", ""collectionDateBegin"": ""5/28/2002"", ""collectionDateEnd"": ""5/28/2002"", ""decimalLatitude"": 46.566665649414, ""decimalLongitude"": 8.36666679382324, ""semanticText"": ""Arnica montana | Arnica montana | Asteraceae | Arnica | Germany | Germany: Berlin. Kultiviert im Botanischen Garten Berlin-Dahlem BG-Ort: AG. Herkunft: Graz Botanischer Gard[t]en der Karl-Franzens Universita[ä]t. [Wildhe...""}",True,0.84,True,0.040000000000000036
2,gpt-5.4-mini,False,0.82,"The record is internally consistent. The taxon, genus, and family align plausibly (Chenopodium polyspermum in Chenopodiaceae). The country is Germany, and the locality specifies Bayern/Garmisch-Partenkirchen near Riegsee, which fits the stated country. The coordinates (47.0, 11.0) are broadly compatible with southern Bavaria and do not obviously contradict the locality, though they are coarse rather than precise. The habitat 'Ruderalfluren in Kiesgrube' is ecologically plausible for Chenopodium polyspermum, a ruderal/disturbed-ground species. The collection date is plausible and matches the locality text. Collector notes are minimal but meaningful as a transcription note and not structurally strange. Overall this is standard clean data with no clear semantic contradiction, so the confidence is in the 0.60-0.85 range.",2.07006340008229,1017,209,1226,0.00170325,"{
  ""suspicious"": false,
  ""confidence"": 0.82,
  ""reason"": ""The record is internally consistent. The taxon, genus, and family align plausibly (Chenopodium polyspermum in Chenopodiaceae). The country is Germany, and the locality specifies Bayern/Garmisch-Partenkirchen near Riegsee, which fits the stated country. The coordinates (47.0, 11.0) are broadly compatible with southern Bavaria and do not obviously contradict the locality, though they are coarse rather than precise. The habitat 'Ruderalfluren in Kiesgrube' is ecologically plausible for Chenopodium polyspermum, a ruderal/disturbed-ground species. The collection date is plausible and matches the locality text. Collector notes are minimal but meaningful as a transcription note and not structurally strange. Overall this is standard clean data with no clear semantic contradiction, so the confidence is in the 0.60-0.85 range.""
}","{""scientificName"": ""Chenopodium polyspermum"", ""scientificNameFull"": ""Chenopodium polyspermum"", ""genus"": ""Chenopodium"", ""family"": ""Chenopodiaceae"", ""country"": ""Germany"", ""locality"": ""Germany: Bayern. Bayern, Lkr. Garmisch-Partenkirchen, S Riegsee (Bay 144) Ruderalfluren in Kiesgrube, 669 m, MTB 8333/1. 2001-07-30, Leg.: R. & E. Willing."", ""collectorNotes"": ""Label data transcribed during a <a href=\""https://www.herbonauten.de\"" target=\""_blank\"">Herbonauten mission</a>"", ""collectionDateBegin"": ""7/30/2001"", ""collectionDateEnd"": ""7/30/2001"", ""decimalLatitude"": 47.0, ""decimalLongitude"": 11.0, ""semanticText"": ""Chenopodium polyspermum | Chenopodium polyspermum | Chenopodiaceae | Chenopodium | Germany | Germany: Bayern. Bayern, Lkr. Garmisch-Partenkirchen, S Riegsee (Bay 144) Ruderalfluren in Kiesgrube, 669 m, MTB 8333/1. 2001-0...""}",False,0.78,True,0.039999999999999925
3,gpt-5.4-mini,False,0.82,"The record is internally consistent and does not show a clear semantic contradiction. The taxon assignment is plausible: Chenopodium sp. in Chenopodiaceae is taxonomically coherent. The country and locality fit each other: Bayern, Lkr. Garmisch-Partenkirchen, S Riegsee is in Germany. The collection date (2001-07-30) matches the locality text date and is plausible. The habitat description 'Ruderalfluren in Kiesgrube' (ruderal vegetation in a gravel pit) is ecologically reasonable for Chenopodium. The coordinates (47.0, 11.0) are broadly compatible with southern Bavaria/Garmisch-Partenkirchen, though they are coarse and not exact enough to verify the locality precisely. Collector notes are a standard transcription note and not suspicious. Because the record is fairly complete and coherent, but the coordinates are only approximate and the taxon is identified only to genus, this fits the 'Standard Clean Data' range rather than perfect data.",2.3258205999154598,1019,236,1255,0.00182625,"{
  ""suspicious"": false,
  ""confidence"": 0.82,
  ""reason"": ""The record is internally consistent and does not show a clear semantic contradiction. The taxon assignment is plausible: Chenopodium sp. in Chenopodiaceae is taxonomically coherent. The country and locality fit each other: Bayern, Lkr. Garmisch-Partenkirchen, S Riegsee is in Germany. The collection date (2001-07-30) matches the locality text date and is plausible. The habitat description 'Ruderalfluren in Kiesgrube' (ruderal vegetation in a gravel pit) is ecologically reasonable for Chenopodium. The coordinates (47.0, 11.0) are broadly compatible with southern Bavaria/Garmisch-Partenkirchen, though they are coarse and not exact enough to verify the locality precisely. Collector notes are a standard transcription note and not suspicious. Because the record is fairly complete and coherent, but the coordinates are only approximate and the taxon is identified only to genus, this fits the 'Standard Clean Data' range rather than perfect data.""
}","{""scientificName"": ""Chenopodium sp."", ""scientificNameFull"": ""Chenopodium sp."", ""genus"": ""Chenopodium"", ""family"": ""Chenopodiaceae"", ""country"": ""Germany"", ""locality"": ""Germany: Bayern. Bayern, Lkr. Garmisch-Partenkirchen, S Riegsee (Bay 144) Ruderalfluren in Kiesgrube, 669 m, MTB 8333/1. 2001-07-30, Leg.: R. & E. Willing."", ""collectorNotes"": ""Label data transcribed during a <a href=\""https://www.herbonauten.de\"" target=\""_blank\"">Herbonauten mission</a>"", ""collectionDateBegin"": ""7/30/2001"", ""collectionDateEnd"": ""7/30/2001"", ""decimalLatitude"": 47.0, ""decimalLongitude"": 11.0, ""semanticText"": ""Chenopodium sp. | Chenopodium sp. | Chenopodiaceae | Chenopodium | Germany | Germany: Bayern. Bayern, Lkr. Garmisch-Partenkirchen, S Riegsee (Bay 144) Ruderalfluren in Kiesgrube, 669 m, MTB 8333/1. 2001-07-30, Leg.: R. &...""}",False,0.72,True,0.09999999999999998
4,gpt-5.4-mini,True,0.88,"The record is internally inconsistent in geography/locality: the country is Germany and the locality begins with ""Germany: Berlin"" and mentions cultivation in the Berlin-Dahlem botanical garden, but the coordinates (45.0354, 6.4045) plot in the French Alps near Col du Lautaret, France, not in Germany. The locality text itself also explicitly states the origin as ""Frankreich: Reg. du Col du Lautaret, Lautaret, Höhe: 2100m,"" which conflicts with the country field if interpreted as the collection locality. This looks like a cultivated specimen in Berlin with source material from France, so the mismatch is strong enough to flag as suspicious. Taxonomy and dates are plausible, and the collector note is a normal transcription note.",2.0415242998860776,1017,177,1194,0.0015592499999999999,"{""suspicious"":true,""confidence"":0.88,""reason"":""The record is internally inconsistent in geography/locality: the country is Germany and the locality begins with \""Germany: Berlin\"" and mentions cultivation in the Berlin-Dahlem botanical garden, but the coordinates (45.0354, 6.4045) plot in the French Alps near Col du Lautaret, France, not in Germany. The locality text itself also explicitly states the origin as \""Frankreich: Reg. du Col du Lautaret, Lautaret, Höhe: 2100m,\"" which conflicts with the country field if interpreted as the collection locality. This looks like a cultivated specimen in Berlin with source material from France, so the mismatch is strong enough to flag as suspicious. Taxonomy and dates are plausible, and the collector note is a normal transcription note.""}","{""scientificName"": ""Arnica montana"", ""scientificNameFull"": ""Arnica montana"", ""genus"": ""Arnica"", ""family"": ""Asteraceae"", ""country"": ""Germany"", ""locality"": ""Germany: Berlin. Kultiviert im Botanischen Garten Berlin-Dahlem, BG-Ort: AG - 01 - 001 - 02, Herkunft: Lautaret Station Alpine du Lautaret, Frankreich: Reg. du Col du Lautaret, Lautaret, Höhe: 2100m. 2003-05-27, Leg.: Cu..."", ""collectorNotes"": ""Label data transcribed during a <a href=\""https://www.herbonauten.de\"" target=\""_blank\"">Herbonauten mission</a>"", ""collectionDateBegin"": ""5/27/2003"", ""collectionDateEnd"": ""5/27/2003"", ""decimalLatitude"": 45.0354270935058, ""decimalLongitude"": 6.4044713973999, ""semanticText"": ""Arnica montana | Arnica montana | Asteraceae | Arnica | Germany | Germany: Berlin. Kultiviert im Botanischen Garten Berlin-Dahlem, BG-Ort: AG - 01 - 001 - 02, Herkunft: Lautaret Station Alpine du Lautaret, Frankreich: Re...""}",True,0.84,True,0.040000000000000036
0,gpt-5.4-nano,True,0.78,"1) Coordinates vs geography: The record states country/locality as Germany (Berlin, Botanischer Garten Berlin-Dahlem). However, the provided coordinates (46.3467, 11.4498) correspond to northern Italy/Alps region (around Pavia/Passo Oclini area), not Berlin. This is a strong mismatch between coordinates and the locality text.
2) Country and locality: Locality text includes an Italian provenance (“Herkunft: Pavia… Italien: Passo Oclini”), which could be consistent with a cultivated plant, but the coordinates still do not match Berlin.
3) Habitat/ecology: “Kultiviert im Botanischen Garten Berlin-Dahlem” is plausible for Arnica montana (a montane species often cultivated). No direct habitat contradiction.
4) Taxonomy: Arnica montana in Asteraceae with genus Arnica is internally consistent.
5) Free text: CollectorNotes are generic/transcription-related and not specimen-specific, but not inherently contradictory.
6) Dates: 2002-05-28 is plausible.
Overall, the clear coordinate-locality conflict is the main issue, making this a highly probable anomaly (high confidence).",2.745283499825746,1021,282,1303,0.0005567,"{
  ""suspicious"": true,
  ""confidence"": 0.78,
  ""reason"": ""1) Coordinates vs geography: The record states country/locality as Germany (Berlin, Botanischer Garten Berlin-Dahlem). However, the provided coordinates (46.3467, 11.4498) correspond to northern Italy/Alps region (around Pavia/Passo Oclini area), not Berlin. This is a strong mismatch between coordinates and the locality text.\n2) Country and locality: Locality text includes an Italian provenance (“Herkunft: Pavia… Italien: Passo Oclini”), which could be consistent with a cultivated plant, but the coordinates still do not match Berlin.\n3) Habitat/ecology: “Kultiviert im Botanischen Garten Berlin-Dahlem” is plausible for Arnica montana (a montane species often cultivated). No direct habitat contradiction.\n4) Taxonomy: Arnica montana in Asteraceae with genus Arnica is internally consistent.\n5) Free text: CollectorNotes are generic/transcription-related and not specimen-specific, but not inherently contradictory.\n6) Dates: 2002-05-28 is plausible.\nOverall, the clear coordinate-locality conflict is the main issue, making this a highly probable anomaly (high confidence).""
}","{""scientificName"": ""Arnica montana"", ""scientificNameFull"": ""Arnica montana"", ""genus"": ""Arnica"", ""family"": ""Asteraceae"", ""country"": ""Germany"", ""locality"": ""Germany: Berlin. Kultiviert im Botanischen Garten Berlin-Dahlem, BG-Ort: AG, Herkunft: Pavia Istituto e Orto Botanico dell'Università di Pavia, Italien: P[a]sso Oclini, Höhe: 1800m. 2002-05-28, Leg.: Cubr 39737."", ""collectorNotes"": ""Label data transcribed during a <a href=\""https://www.herbonauten.de\"" target=\""_blank\"">Herbonauten mission</a>"", ""collectionDateBegin"": ""5/28/2002"", ""collectionDateEnd"": ""5/28/2002"", ""decimalLatitude"": 46.3466758728027, ""decimalLongitude"": 11.4497928619384, ""semanticText"": ""Arnica montana | Arnica montana | Asteraceae | Arnica | Germany | Germany: Berlin. Kultiviert im Botanischen Garten Berlin-Dahlem, BG-Ort: AG, Herkunft: Pavia Istituto e Orto Botanico dell'Università di Pavia, Italien: P...""}",True,0.94,True,-0.15999999999999992
1,gpt-5.4-nano,True,0.78,"1) Coordinates vs geography: The record states country/locality as Germany (Berlin). However, the provided coordinates (lat 46.5667, lon 8.3667) correspond to the Swiss Alps region (near Graz/Wallis/Alpine areas), not Berlin. This is a strong mismatch between coordinates and the locality text.
2) Country and locality: Locality text is entirely within Germany (Berlin, Botanischer Garten Berlin-Dahlem). No Swiss/Graz/Wallis locality is explicitly given as the collection site; those appear in the provenance/wild origin text.
3) Habitat/ecology: No habitat field is provided; however, the provenance text mentions wild origin in Wallis/Berner Alpen/Gotthard-Gruppe, which is consistent with Arnica montana being alpine, but it conflicts with the coordinates being alpine while the locality claims Berlin cultivation.
4) Taxonomy: Arnica montana in Asteraceae is internally consistent.
5) Free text: CollectorNotes are generic (transcription during a Herbonauten mission) and not contradictory.
6) Dates: 5/28/2002 is plausible and consistent (begin=end).
Overall, the clear coordinate-locality contradiction makes this highly probable anomaly. Confidence is high but not absolute because the coordinates could theoretically represent wild origin rather than collection site, yet the record does not state that explicitly.",2.8619376998394728,1012,316,1328,0.0005974,"{
  ""suspicious"": true,
  ""confidence"": 0.78,
  ""reason"": ""1) Coordinates vs geography: The record states country/locality as Germany (Berlin). However, the provided coordinates (lat 46.5667, lon 8.3667) correspond to the Swiss Alps region (near Graz/Wallis/Alpine areas), not Berlin. This is a strong mismatch between coordinates and the locality text.\n2) Country and locality: Locality text is entirely within Germany (Berlin, Botanischer Garten Berlin-Dahlem). No Swiss/Graz/Wallis locality is explicitly given as the collection site; those appear in the provenance/wild origin text.\n3) Habitat/ecology: No habitat field is provided; however, the provenance text mentions wild origin in Wallis/Berner Alpen/Gotthard-Gruppe, which is consistent with Arnica montana being alpine, but it conflicts with the coordinates being alpine while the locality claims Berlin cultivation.\n4) Taxonomy: Arnica montana in Asteraceae is internally consistent.\n5) Free text: CollectorNotes are generic (transcription during a Herbonauten mission) and not contradictory.\n6) Dates: 5/28/2002 is plausible and consistent (begin=end).\nOverall, the clear coordinate-locality contradiction makes this highly probable anomaly. Confidence is high but not absolute because the coordinates could theoretically represent wild origin rather than collection site, yet the record does not state that explicitly.""
}","{""scientificName"": ""Arnica montana"", ""scientificNameFull"": ""Arnica montana"", ""genus"": ""Arnica"", ""family"": ""Asteraceae"", ""country"": ""Germany"", ""locality"": ""Germany: Berlin. Kultiviert im Botanischen Garten Berlin-Dahlem BG-Ort: AG. Herkunft: Graz Botanischer Gard[t]en der Karl-Franzens Universita[ä]t. [Wildherkunft: Wallis (Kanton), Berner Alpen, Gotthard-Gruppe, \""Gletscher..."", ""collectorNotes"": ""Label data transcribed during a <a href=\""https://www.herbonauten.de\"" target=\""_blank\"">Herbonauten mission</a>"", ""collectionDateBegin"": ""5/28/2002"", ""collectionDateEnd"": ""5/28/2002"", ""decimalLatitude"": 46.566665649414, ""decimalLongitude"": 8.36666679382324, ""semanticText"": ""Arnica montana | Arnica montana | Asteraceae | Arnica | Germany | Germany: Berlin. Kultiviert im Botanischen Garten Berlin-Dahlem BG-Ort: AG. Herkunft: Graz Botanischer Gard[t]en der Karl-Franzens Universita[ä]t. [Wildhe...""}",True,0.84,True,-0.05999999999999994
2,gpt-5.4-nano,False,0.86,"1) Coordinates & geography: decimalLatitude 47.0 and decimalLongitude 11.0 are consistent with southern Germany/Bavaria (Garmisch-Partenkirchen area). No obvious mismatch with the locality text. 2) Country & locality: locality explicitly states Germany: Bayern and matches the country field (Germany). 3) Habitat/ecology: habitat described as Ruderalfluren in Kiesgrube (ruderal vegetation in a gravel pit) is plausible for Chenopodium polyspermum, which commonly occurs in disturbed/ruderal sites. No contradictory habitat terms. 4) Taxonomy: genus Chenopodium and family Chenopodiaceae are internally consistent with the scientific name Chenopodium polyspermum. 5) Free text: collectorNotes are not a biological note but a transcription/metadata statement about a Herbonauten mission; this is unusual but not a semantic contradiction with the specimen data. 6) Dates: collectionDateBegin and collectionDateEnd are both 2001-07-30, which is plausible and consistent with the locality text. Overall, major fields align without clear rule-breaking inconsistencies; only minor concern is that collectorNotes contain a transcription/method note rather than specimen observations, but this does not conflict with other metadata.",2.347984499996528,1017,287,1304,0.00056215,"{
  ""suspicious"": false,
  ""confidence"": 0.86,
  ""reason"": ""1) Coordinates & geography: decimalLatitude 47.0 and decimalLongitude 11.0 are consistent with southern Germany/Bavaria (Garmisch-Partenkirchen area). No obvious mismatch with the locality text. 2) Country & locality: locality explicitly states Germany: Bayern and matches the country field (Germany). 3) Habitat/ecology: habitat described as Ruderalfluren in Kiesgrube (ruderal vegetation in a gravel pit) is plausible for Chenopodium polyspermum, which commonly occurs in disturbed/ruderal sites. No contradictory habitat terms. 4) Taxonomy: genus Chenopodium and family Chenopodiaceae are internally consistent with the scientific name Chenopodium polyspermum. 5) Free text: collectorNotes are not a biological note but a transcription/metadata statement about a Herbonauten mission; this is unusual but not a semantic contradiction with the specimen data. 6) Dates: collectionDateBegin and collectionDateEnd are both 2001-07-30, which is plausible and consistent with the locality text. Overall, major fields align without clear rule-breaking inconsistencies; only minor concern is that collectorNotes contain a transcription/method note rather than specimen observations, but this does not conflict with other metadata.""
}","{""scientificName"": ""Chenopodium polyspermum"", ""scientificNameFull"": ""Chenopodium polyspermum"", ""genus"": ""Chenopodium"", ""family"": ""Chenopodiaceae"", ""country"": ""Germany"", ""locality"": ""Germany: Bayern. Bayern, Lkr. Garmisch-Partenkirchen, S Riegsee (Bay 144) Ruderalfluren in Kiesgrube, 669 m, MTB 8333/1. 2001-07-30, Leg.: R. & E. Willing."", ""collectorNotes"": ""Label data transcribed during a <a href=\""https://www.herbonauten.de\"" target=\""_blank\"">Herbonauten mission</a>"", ""collectionDateBegin"": ""7/30/2001"", ""collectionDateEnd"": ""7/30/2001"", ""decimalLatitude"": 47.0, ""decimalLongitude"": 11.0, ""semanticText"": ""Chenopodium polyspermum | Chenopodium polyspermum | Chenopodiaceae | Chenopodium | Germany | Germany: Bayern. Bayern, Lkr. Garmisch-Partenkirchen, S Riegsee (Bay 144) Ruderalfluren in Kiesgrube, 669 m, MTB 8333/1. 2001-0...""}",False,0.78,True,0.07999999999999996
3,gpt-5.4-nano,False,0.86,"1) Coordinates & geography: decimalLatitude 47.0 and decimalLongitude 11.0 are consistent with southern Germany (Bayern) and the Garmisch-Partenkirchen area. No obvious coordinate/locality mismatch. 2) Country & locality: locality explicitly states Germany: Bayern and matches the country field (Germany). 3) Habitat/ecology: 'Ruderalfluren in Kiesgrube' (ruderal vegetation in a gravel pit) is ecologically plausible for Chenopodium (often ruderal/ disturbed ground). No contradictory habitat terms. 4) Taxonomy: genus Chenopodium and family Chenopodiaceae are internally consistent with the scientific name 'Chenopodium sp.' (species left open, which is acceptable). 5) Free text: collectorNotes are generic/transcription-related ('Herbonauten mission') and do not contradict the label; no strange specimen-specific claims. 6) Dates: collectionDateBegin and End are both 2001-07-30, which is plausible and consistent with the locality text. Overall, major fields align without clear semantic or contextual contradictions; only minor concern is that collectorNotes are not traditional specimen notes, but this is not a clear inconsistency.",2.3456500000320375,1019,278,1297,0.0005513,"{
  ""suspicious"": false,
  ""confidence"": 0.86,
  ""reason"": ""1) Coordinates & geography: decimalLatitude 47.0 and decimalLongitude 11.0 are consistent with southern Germany (Bayern) and the Garmisch-Partenkirchen area. No obvious coordinate/locality mismatch. 2) Country & locality: locality explicitly states Germany: Bayern and matches the country field (Germany). 3) Habitat/ecology: 'Ruderalfluren in Kiesgrube' (ruderal vegetation in a gravel pit) is ecologically plausible for Chenopodium (often ruderal/ disturbed ground). No contradictory habitat terms. 4) Taxonomy: genus Chenopodium and family Chenopodiaceae are internally consistent with the scientific name 'Chenopodium sp.' (species left open, which is acceptable). 5) Free text: collectorNotes are generic/transcription-related ('Herbonauten mission') and do not contradict the label; no strange specimen-specific claims. 6) Dates: collectionDateBegin and End are both 2001-07-30, which is plausible and consistent with the locality text. Overall, major fields align without clear semantic or contextual contradictions; only minor concern is that collectorNotes are not traditional specimen notes, but this is not a clear inconsistency.""
}","{""scientificName"": ""Chenopodium sp."", ""scientificNameFull"": ""Chenopodium sp."", ""genus"": ""Chenopodium"", ""family"": ""Chenopodiaceae"", ""country"": ""Germany"", ""locality"": ""Germany: Bayern. Bayern, Lkr. Garmisch-Partenkirchen, S Riegsee (Bay 144) Ruderalfluren in Kiesgrube, 669 m, MTB 8333/1. 2001-07-30, Leg.: R. & E. Willing."", ""collectorNotes"": ""Label data transcribed during a <a href=\""https://www.herbonauten.de\"" target=\""_blank\"">Herbonauten mission</a>"", ""collectionDateBegin"": ""7/30/2001"", ""collectionDateEnd"": ""7/30/2001"", ""decimalLatitude"": 47.0, ""decimalLongitude"": 11.0, ""semanticText"": ""Chenopodium sp. | Chenopodium sp. | Chenopodiaceae | Chenopodium | Germany | Germany: Bayern. Bayern, Lkr. Garmisch-Partenkirchen, S Riegsee (Bay 144) Ruderalfluren in Kiesgrube, 669 m, MTB 8333/1. 2001-07-30, Leg.: R. &...""}",False,0.72,True,0.14
4,gpt-5.4-nano,True,0.78,"1) Coordinates vs geography: The record states country/locality as Germany (Berlin, Botanischer Garten Berlin-Dahlem) but provides coordinates decimalLatitude 45.0354, decimalLongitude 6.4045, which correspond to the Lautaret area in the French Alps (near Col du Lautaret), not Berlin. This is a strong mismatch between the stated locality (Berlin) and the coordinates (France/Alps). 2) Country and locality: The locality text includes “Frankreich: … Col du Lautaret … Lautaret, Höhe: 2100m”, i.e., another country is explicitly referenced as the origin. While origin-from-France could be plausible for a cultivated plant, the coordinates should then reflect the origin site only if the record is intended to georeference the origin; here the locality header emphasizes Berlin cultivation. 3) Habitat/ecology: Arnica montana is an alpine/subalpine species; the origin at ~2100 m in the Alps is ecologically plausible, but the Berlin cultivation context conflicts with the coordinates if they are meant to represent the Berlin site. 4) Taxonomy: Arnica montana in Asteraceae is internally consistent. 5) Free text: CollectorNotes are generic (transcription during a mission) and not contradictory. 6) Dates: 2003-05-27 is plausible. Overall, the clearest issue is the coordinate/locality inconsistency (Berlin vs French Alps coordinates), making this a highly probable anomaly per rubric.",3.5957736999262124,1017,336,1353,0.0006234,"{
  ""suspicious"": true,
  ""confidence"": 0.78,
  ""reason"": ""1) Coordinates vs geography: The record states country/locality as Germany (Berlin, Botanischer Garten Berlin-Dahlem) but provides coordinates decimalLatitude 45.0354, decimalLongitude 6.4045, which correspond to the Lautaret area in the French Alps (near Col du Lautaret), not Berlin. This is a strong mismatch between the stated locality (Berlin) and the coordinates (France/Alps). 2) Country and locality: The locality text includes “Frankreich: … Col du Lautaret … Lautaret, Höhe: 2100m”, i.e., another country is explicitly referenced as the origin. While origin-from-France could be plausible for a cultivated plant, the coordinates should then reflect the origin site only if the record is intended to georeference the origin; here the locality header emphasizes Berlin cultivation. 3) Habitat/ecology: Arnica montana is an alpine/subalpine species; the origin at ~2100 m in the Alps is ecologically plausible, but the Berlin cultivation context conflicts with the coordinates if they are meant to represent the Berlin site. 4) Taxonomy: Arnica montana in Asteraceae is internally consistent. 5) Free text: CollectorNotes are generic (transcription during a mission) and not contradictory. 6) Dates: 2003-05-27 is plausible. Overall, the clearest issue is the coordinate/locality inconsistency (Berlin vs French Alps coordinates), making this a highly probable anomaly per rubric.""
}","{""scientificName"": ""Arnica montana"", ""scientificNameFull"": ""Arnica montana"", ""genus"": ""Arnica"", ""family"": ""Asteraceae"", ""country"": ""Germany"", ""locality"": ""Germany: Berlin. Kultiviert im Botanischen Garten Berlin-Dahlem, BG-Ort: AG - 01 - 001 - 02, Herkunft: Lautaret Station Alpine du Lautaret, Frankreich: Reg. du Col du Lautaret, Lautaret, Höhe: 2100m. 2003-05-27, Leg.: Cu..."", ""collectorNotes"": ""Label data transcribed during a <a href=\""https://www.herbonauten.de\"" target=\""_blank\"">Herbonauten mission</a>"", ""collectionDateBegin"": ""5/27/2003"", ""collectionDateEnd"": ""5/27/2003"", ""decimalLatitude"": 45.0354270935058, ""decimalLongitude"": 6.4044713973999, ""semanticText"": ""Arnica montana | Arnica montana | Asteraceae | Arnica | Germany | Germany: Berlin. Kultiviert im Botanischen Garten Berlin-Dahlem, BG-Ort: AG - 01 - 001 - 02, Herkunft: Lautaret Station Alpine du Lautaret, Frankreich: Re...""}",True,0.84,True,-0.05999999999999994
0,gpt-5.4,True,0.94,"There is a strong geographic contradiction. The record country/locality states Germany, specifically 'Berlin' and 'Botanischen Garten Berlin-Dahlem', but the coordinates (46.3467, 11.4498) plot in northern Italy, not Berlin, Germany. The locality text itself also mentions 'Italien: Passo Oclini, Höhe: 1800m' as provenance/origin, which matches the coordinates much better than Berlin. This suggests a mix-up between cultivation location and source locality, creating a clear inconsistency between country/locality and coordinates under criteria 1 and 2. Taxonomy is internally consistent (Arnica montana, genus Arnica, family Asteraceae), and the habitat issue is not clearly contradictory because cultivated botanical garden material can legitimately originate from alpine habitat. Dates are plausible. The notes are somewhat generic transcription metadata rather than specimen observations, but not inherently anomalous. Because the record is otherwise fairly complete yet contains a major country-coordinate/locality mismatch, this fits 'Highly Probable Anomaly' to near 'Absolute Impossibility,' so a high confidence score is warranted.",4.77588630001992,1021,249,1270,0.0062875,"{""suspicious"":true,""confidence"":0.94,""reason"":""There is a strong geographic contradiction. The record country/locality states Germany, specifically 'Berlin' and 'Botanischen Garten Berlin-Dahlem', but the coordinates (46.3467, 11.4498) plot in northern Italy, not Berlin, Germany. The locality text itself also mentions 'Italien: Passo Oclini, Höhe: 1800m' as provenance/origin, which matches the coordinates much better than Berlin. This suggests a mix-up between cultivation location and source locality, creating a clear inconsistency between country/locality and coordinates under criteria 1 and 2. Taxonomy is internally consistent (Arnica montana, genus Arnica, family Asteraceae), and the habitat issue is not clearly contradictory because cultivated botanical garden material can legitimately originate from alpine habitat. Dates are plausible. The notes are somewhat generic transcription metadata rather than specimen observations, but not inherently anomalous. Because the record is otherwise fairly complete yet contains a major country-coordinate/locality mismatch, this fits 'Highly Probable Anomaly' to near 'Absolute Impossibility,' so a high confidence score is warranted.""}","{""scientificName"": ""Arnica montana"", ""scientificNameFull"": ""Arnica montana"", ""genus"": ""Arnica"", ""family"": ""Asteraceae"", ""country"": ""Germany"", ""locality"": ""Germany: Berlin. Kultiviert im Botanischen Garten Berlin-Dahlem, BG-Ort: AG, Herkunft: Pavia Istituto e Orto Botanico dell'Università di Pavia, Italien: P[a]sso Oclini, Höhe: 1800m. 2002-05-28, Leg.: Cubr 39737."", ""collectorNotes"": ""Label data transcribed during a <a href=\""https://www.herbonauten.de\"" target=\""_blank\"">Herbonauten mission</a>"", ""collectionDateBegin"": ""5/28/2002"", ""collectionDateEnd"": ""5/28/2002"", ""decimalLatitude"": 46.3466758728027, ""decimalLongitude"": 11.4497928619384, ""semanticText"": ""Arnica montana | Arnica montana | Asteraceae | Arnica | Germany | Germany: Berlin. Kultiviert im Botanischen Garten Berlin-Dahlem, BG-Ort: AG, Herkunft: Pavia Istituto e Orto Botanico dell'Università di Pavia, Italien: P...""}",True,0.94,True,0.0
1,gpt-5.4,True,0.84,"There is a strong geographic inconsistency. The country and locality clearly indicate Germany, specifically Berlin, with a cultivated specimen in the Botanischer Garten Berlin-Dahlem. However, the coordinates (46.566665649414, 8.36666679382324) plot in Switzerland, which also matches the locality fragment mentioning wild origin in Wallis / Berner Alpen / Gotthard-Gruppe. This suggests the coordinates likely refer to the wild source population rather than the actual collection site. That is a clear metadata conflict between coordinates versus country/locality/collection context. Taxonomy is internally consistent: Arnica montana in genus Arnica, family Asteraceae. Habitat is not contradictory because the record is explicitly cultivated. Dates are plausible. Collector notes are somewhat generic/transcription-related rather than specimen-specific, but not inherently inconsistent. Confidence is high (0.84) because the record is otherwise well populated and the coordinate-country/locality mismatch is a strong anomaly, though explainable by confusion between cultivation site and provenance.",5.194944099988788,1012,236,1248,0.00607,"{
  ""suspicious"": true,
  ""confidence"": 0.84,
  ""reason"": ""There is a strong geographic inconsistency. The country and locality clearly indicate Germany, specifically Berlin, with a cultivated specimen in the Botanischer Garten Berlin-Dahlem. However, the coordinates (46.566665649414, 8.36666679382324) plot in Switzerland, which also matches the locality fragment mentioning wild origin in Wallis / Berner Alpen / Gotthard-Gruppe. This suggests the coordinates likely refer to the wild source population rather than the actual collection site. That is a clear metadata conflict between coordinates versus country/locality/collection context. Taxonomy is internally consistent: Arnica montana in genus Arnica, family Asteraceae. Habitat is not contradictory because the record is explicitly cultivated. Dates are plausible. Collector notes are somewhat generic/transcription-related rather than specimen-specific, but not inherently inconsistent. Confidence is high (0.84) because the record is otherwise well populated and the coordinate-country/locality mismatch is a strong anomaly, though explainable by confusion between cultivation site and provenance.""
}","{""scientificName"": ""Arnica montana"", ""scientificNameFull"": ""Arnica montana"", ""genus"": ""Arnica"", ""family"": ""Asteraceae"", ""country"": ""Germany"", ""locality"": ""Germany: Berlin. Kultiviert im Botanischen Garten Berlin-Dahlem BG-Ort: AG. Herkunft: Graz Botanischer Gard[t]en der Karl-Franzens Universita[ä]t. [Wildherkunft: Wallis (Kanton), Berner Alpen, Gotthard-Gruppe, \""Gletscher..."", ""collectorNotes"": ""Label data transcribed during a <a href=\""https://www.herbonauten.de\"" target=\""_blank\"">Herbonauten mission</a>"", ""collectionDateBegin"": ""5/28/2002"", ""collectionDateEnd"": ""5/28/2002"", ""decimalLatitude"": 46.566665649414, ""decimalLongitude"": 8.36666679382324, ""semanticText"": ""Arnica montana | Arnica montana | Asteraceae | Arnica | Germany | Germany: Berlin. Kultiviert im Botanischen Garten Berlin-Dahlem BG-Ort: AG. Herkunft: Graz Botanischer Gard[t]en der Karl-Franzens Universita[ä]t. [Wildhe...""}",True,0.84,True,0.0
2,gpt-5.4,False,0.78,"The record is internally consistent overall. Taxonomy is coherent: scientificName, scientificNameFull, genus, and family all match Chenopodium polyspermum in Chenopodiaceae. Country and locality align well: Bayern and Landkreis Garmisch-Partenkirchen are in Germany, and Riegsee is a plausible locality there. The habitat text 'Ruderalfluren in Kiesgrube' is ecologically plausible for Chenopodium polyspermum, a ruderal/disturbed-ground plant. Collection dates are plausible and begin/end dates match exactly. Coordinates (47.0, 11.0) are broadly consistent with southern Germany/Bavaria and not obviously outside the stated country, though they appear somewhat coarse/rounded relative to the detailed locality and may not precisely match 'S Riegsee'; however, this alone is not a clear contradiction. CollectorNotes are somewhat generic/transcription-related rather than specimen-observation notes, but not semantically inconsistent. Under the rubric, this is standard clean data with a minor precision caveat rather than a suspicious record.",3.496393699897453,1017,244,1261,0.0062025,"{
  ""suspicious"": false,
  ""confidence"": 0.78,
  ""reason"": ""The record is internally consistent overall. Taxonomy is coherent: scientificName, scientificNameFull, genus, and family all match Chenopodium polyspermum in Chenopodiaceae. Country and locality align well: Bayern and Landkreis Garmisch-Partenkirchen are in Germany, and Riegsee is a plausible locality there. The habitat text 'Ruderalfluren in Kiesgrube' is ecologically plausible for Chenopodium polyspermum, a ruderal/disturbed-ground plant. Collection dates are plausible and begin/end dates match exactly. Coordinates (47.0, 11.0) are broadly consistent with southern Germany/Bavaria and not obviously outside the stated country, though they appear somewhat coarse/rounded relative to the detailed locality and may not precisely match 'S Riegsee'; however, this alone is not a clear contradiction. CollectorNotes are somewhat generic/transcription-related rather than specimen-observation notes, but not semantically inconsistent. Under the rubric, this is standard clean data with a minor precision caveat rather than a suspicious record.""
}","{""scientificName"": ""Chenopodium polyspermum"", ""scientificNameFull"": ""Chenopodium polyspermum"", ""genus"": ""Chenopodium"", ""family"": ""Chenopodiaceae"", ""country"": ""Germany"", ""locality"": ""Germany: Bayern. Bayern, Lkr. Garmisch-Partenkirchen, S Riegsee (Bay 144) Ruderalfluren in Kiesgrube, 669 m, MTB 8333/1. 2001-07-30, Leg.: R. & E. Willing."", ""collectorNotes"": ""Label data transcribed during a <a href=\""https://www.herbonauten.de\"" target=\""_blank\"">Herbonauten mission</a>"", ""collectionDateBegin"": ""7/30/2001"", ""collectionDateEnd"": ""7/30/2001"", ""decimalLatitude"": 47.0, ""decimalLongitude"": 11.0, ""semanticText"": ""Chenopodium polyspermum | Chenopodium polyspermum | Chenopodiaceae | Chenopodium | Germany | Germany: Bayern. Bayern, Lkr. Garmisch-Partenkirchen, S Riegsee (Bay 144) Ruderalfluren in Kiesgrube, 669 m, MTB 8333/1. 2001-0...""}",False,0.78,True,0.0
3,gpt-5.4,False,0.72,"The record is largely internally consistent. Taxonomy is coherent: scientificName/scientificNameFull 'Chenopodium sp.' matches genus 'Chenopodium' and family 'Chenopodiaceae'. Country and locality also align well: Bayern and Landkreis Garmisch-Partenkirchen are in Germany, and the habitat 'Ruderalfluren in Kiesgrube' is plausible for Chenopodium. The collection date in the locality text matches collectionDateBegin and collectionDateEnd, so there is no date contradiction. Coordinates 47.0, 11.0 fall within southern Germany and are broadly compatible with the Garmisch-Partenkirchen / Riegsee area, though they appear low-precision and may not specifically match 'S Riegsee' or the stated elevation of 669 m exactly. This imprecision alone is not a clear semantic inconsistency. The collectorNotes are somewhat generic transcription metadata rather than specimen-specific notes, but they are not contradictory. Confidence is placed in the 0.60–0.85 range because the major fields are populated and consistent, but the coordinate precision is coarse and some fields are not richly detailed enough for near-perfect certainty.",5.008791900007054,1019,267,1286,0.006552499999999999,"{
  ""suspicious"": false,
  ""confidence"": 0.72,
  ""reason"": ""The record is largely internally consistent. Taxonomy is coherent: scientificName/scientificNameFull 'Chenopodium sp.' matches genus 'Chenopodium' and family 'Chenopodiaceae'. Country and locality also align well: Bayern and Landkreis Garmisch-Partenkirchen are in Germany, and the habitat 'Ruderalfluren in Kiesgrube' is plausible for Chenopodium. The collection date in the locality text matches collectionDateBegin and collectionDateEnd, so there is no date contradiction. Coordinates 47.0, 11.0 fall within southern Germany and are broadly compatible with the Garmisch-Partenkirchen / Riegsee area, though they appear low-precision and may not specifically match 'S Riegsee' or the stated elevation of 669 m exactly. This imprecision alone is not a clear semantic inconsistency. The collectorNotes are somewhat generic transcription metadata rather than specimen-specific notes, but they are not contradictory. Confidence is placed in the 0.60–0.85 range because the major fields are populated and consistent, but the coordinate precision is coarse and some fields are not richly detailed enough for near-perfect certainty.""
}","{""scientificName"": ""Chenopodium sp."", ""scientificNameFull"": ""Chenopodium sp."", ""genus"": ""Chenopodium"", ""family"": ""Chenopodiaceae"", ""country"": ""Germany"", ""locality"": ""Germany: Bayern. Bayern, Lkr. Garmisch-Partenkirchen, S Riegsee (Bay 144) Ruderalfluren in Kiesgrube, 669 m, MTB 8333/1. 2001-07-30, Leg.: R. & E. Willing."", ""collectorNotes"": ""Label data transcribed during a <a href=\""https://www.herbonauten.de\"" target=\""_blank\"">Herbonauten mission</a>"", ""collectionDateBegin"": ""7/30/2001"", ""collectionDateEnd"": ""7/30/2001"", ""decimalLatitude"": 47.0, ""decimalLongitude"": 11.0, ""semanticText"": ""Chenopodium sp. | Chenopodium sp. | Chenopodiaceae | Chenopodium | Germany | Germany: Bayern. Bayern, Lkr. Garmisch-Partenkirchen, S Riegsee (Bay 144) Ruderalfluren in Kiesgrube, 669 m, MTB 8333/1. 2001-07-30, Leg.: R. &...""}",False,0.72,True,0.0
4,gpt-5.4,True,0.84,"There is a strong geographic inconsistency. The country and locality state Germany, specifically Berlin and the Botanischer Garten Berlin-Dahlem, but the coordinates (45.035427, 6.404471) plot in southeastern France near the Col du Lautaret area, not Berlin. The locality text itself also mentions 'Herkunft: Lautaret Station Alpine du Lautaret, Frankreich', which likely describes the origin/provenance of cultivated material rather than the collection site. This creates a clear semantic conflict between collection locality and coordinates. Taxonomy is internally consistent (Arnica montana, genus Arnica, family Asteraceae), and the cultivated alpine provenance is ecologically plausible for the taxon. Dates are plausible. Collector notes are generic but not contradictory. Because the record is otherwise fairly complete and the anomaly is a strong but explainable georeferencing/provenance mix-up rather than an absolute impossibility, this fits 'Highly Probable Anomaly' in the 0.60–0.85 range.",3.688980999868363,1017,236,1253,0.006082499999999999,"{
  ""suspicious"": true,
  ""confidence"": 0.84,
  ""reason"": ""There is a strong geographic inconsistency. The country and locality state Germany, specifically Berlin and the Botanischer Garten Berlin-Dahlem, but the coordinates (45.035427, 6.404471) plot in southeastern France near the Col du Lautaret area, not Berlin. The locality text itself also mentions 'Herkunft: Lautaret Station Alpine du Lautaret, Frankreich', which likely describes the origin/provenance of cultivated material rather than the collection site. This creates a clear semantic conflict between collection locality and coordinates. Taxonomy is internally consistent (Arnica montana, genus Arnica, family Asteraceae), and the cultivated alpine provenance is ecologically plausible for the taxon. Dates are plausible. Collector notes are generic but not contradictory. Because the record is otherwise fairly complete and the anomaly is a strong but explainable georeferencing/provenance mix-up rather than an absolute impossibility, this fits 'Highly Probable Anomaly' in the 0.60–0.85 range.""
}","{""scientificName"": ""Arnica montana"", ""scientificNameFull"": ""Arnica montana"", ""genus"": ""Arnica"", ""family"": ""Asteraceae"", ""country"": ""Germany"", ""locality"": ""Germany: Berlin. Kultiviert im Botanischen Garten Berlin-Dahlem, BG-Ort: AG - 01 - 001 - 02, Herkunft: Lautaret Station Alpine du Lautaret, Frankreich: Reg. du Col du Lautaret, Lautaret, Höhe: 2100m. 2003-05-27, Leg.: Cu..."", ""collectorNotes"": ""Label data transcribed during a <a href=\""https://www.herbonauten.de\"" target=\""_blank\"">Herbonauten mission</a>"", ""collectionDateBegin"": ""5/27/2003"", ""collectionDateEnd"": ""5/27/2003"", ""decimalLatitude"": 45.0354270935058, ""decimalLongitude"": 6.4044713973999, ""semanticText"": ""Arnica montana | Arnica montana | Asteraceae | Arnica | Germany | Germany: Berlin. Kultiviert im Botanischen Garten Berlin-Dahlem, BG-Ort: AG - 01 - 001 - 02, Herkunft: Lautaret Station Alpine du Lautaret, Frankreich: Re...""}",True,0.84,True,0.0
